Meet name,Date,Source code,Source name,CSV row count,Event count,Events,First CSV line,Last CSV line,Source file or URL,Source reference type,Notes
"USATF Mid American Record set at event in Aurora, CO",1/1/79,USATF,USA Track & Field,3,3,100m; 200m; 400m,2,4,,historical record source not captured,"Historical USATF Mid-America record source is represented by the meet name, but the underlying file/URL is not captured in the repo."
1981 Rocky Mountain Masters Games,1/1/81,RMMG,Rocky Mountain Masters Games,2,2,1500m; 200m,5,6,,historical source not captured,Rocky Mountain Masters Games historical result source is not captured as a public URL/file in the repo.
1982 Rocky Mountain Masters Games,1/1/82,RMMG,Rocky Mountain Masters Games,7,4,100m; 200m; 400m; 800m,7,13,,historical source not captured,Rocky Mountain Masters Games historical result source is not captured as a public URL/file in the repo.
1983 Rocky Mountain Masters Games,1/1/83,RMMG,Rocky Mountain Masters Games,7,4,100m; 200m; 400m; 800m,14,20,,historical source not captured,Rocky Mountain Masters Games historical result source is not captured as a public URL/file in the repo.
1984 Rocky Mountain Masters Games,1/1/84,RMMG,Rocky Mountain Masters Games,4,4,100m; 200m; 400m; 5000m,21,24,,historical source not captured,Rocky Mountain Masters Games historical result source is not captured as a public URL/file in the repo.
1985 Rocky Mountain Masters Games,1/1/85,RMMG,Rocky Mountain Masters Games,9,4,100m; 1500m; 200m; 5000m,25,33,,historical source not captured,Rocky Mountain Masters Games historical result source is not captured as a public URL/file in the repo.
1986 Rocky Mountain Masters Games,1/1/86,RMMG,Rocky Mountain Masters Games,2,2,200m; 5000m,34,35,,historical source not captured,Rocky Mountain Masters Games historical result source is not captured as a public URL/file in the repo.
1987 Rocky Mountain Masters Games,1/1/87,RMMG,Rocky Mountain Masters Games,2,2,1500m; 200m,36,37,,historical source not captured,Rocky Mountain Masters Games historical result source is not captured as a public URL/file in the repo.
1988 Rocky Mountain Masters Games,1/1/88,RMMG,Rocky Mountain Masters Games,2,2,5000m; 800m,38,39,,historical source not captured,Rocky Mountain Masters Games historical result source is not captured as a public URL/file in the repo.
Boulder Road Runners 5k,8/12/88,BRR,Boulder Road Runners,1,1,3000m,5407,5407,https://boulderroadrunners.org/race-results/track-meets/,results hub,BRR track meet results index; date-specific result pages are linked from this page.
1989 Rocky Mountain Masters Games,1/1/89,RMMG,Rocky Mountain Masters Games,5,3,1500m; 5000m; 800m,40,44,,historical source not captured,Rocky Mountain Masters Games historical result source is not captured as a public URL/file in the repo.
Colorado State TAC Championship,6/25/89,MANUAL,Manual Entry,1,1,5000m,5406,5406,manual entry,manual/local source,One-off manual entry; no public source URL is captured in the repo.
1990 Rocky Mountain Masters Games,1/1/90,RMMG,Rocky Mountain Masters Games,6,6,100m; 1500m; 200m; 400m; 5000m; 800m,45,50,,historical source not captured,Rocky Mountain Masters Games historical result source is not captured as a public URL/file in the repo.
1991 Rocky Mountain Masters Games,1/1/91,RMMG,Rocky Mountain Masters Games,5,3,100m; 5000m; 800m,51,55,,historical source not captured,Rocky Mountain Masters Games historical result source is not captured as a public URL/file in the repo.
1992 Rocky Mountain Masters Games,1/1/92,RMMG,Rocky Mountain Masters Games,4,2,1500m; 5000m,56,59,,historical source not captured,Rocky Mountain Masters Games historical result source is not captured as a public URL/file in the repo.
1993 Rocky Mountain Masters Games,1/1/93,RMMG,Rocky Mountain Masters Games,4,4,1500m; 400m; 5000m; 800m,62,68,,historical source not captured,Rocky Mountain Masters Games historical result source is not captured as a public URL/file in the repo.
Colorado Senior Games,1/1/93,CSG,Colorado Senior Games,5,5,100m; 1500m; 200m; 400m; 800m,60,67,https://coloradoseniorgames.org/sport/track-and-field/,source page,Colorado Senior Games track and field page. Older annual result files are not separately captured in this repo.
1994 Rocky Mountain Masters Games,1/1/94,RMMG,Rocky Mountain Masters Games,9,5,100m; 1500m; 200m; 5000m; 800m,69,78,,historical source not captured,Rocky Mountain Masters Games historical result source is not captured as a public URL/file in the repo.
Colorado Senior Games,1/1/94,CSG,Colorado Senior Games,1,1,200m,71,71,https://coloradoseniorgames.org/sport/track-and-field/,source page,Colorado Senior Games track and field page. Older annual result files are not separately captured in this repo.
Boulder Road Runners 5k,5/7/94,BRR,Boulder Road Runners,1,1,5000m,5405,5405,https://boulderroadrunners.org/race-results/track-meets/,results hub,BRR track meet results index; date-specific result pages are linked from this page.
1995 Rocky Mountain Masters Games,1/1/95,RMMG,Rocky Mountain Masters Games,9,4,200m; 400m; 5000m; 800m,79,96,,historical source not captured,Rocky Mountain Masters Games historical result source is not captured as a public URL/file in the repo.
Colorado Senior Games,1/1/95,CSG,Colorado Senior Games,5,4,100m; 1500m; 200m; 400m,83,95,https://coloradoseniorgames.org/sport/track-and-field/,source page,Colorado Senior Games track and field page. Older annual result files are not separately captured in this repo.
"USATF Mid American Record set at event in Colorado Springs, CO",1/1/95,USATF,USA Track & Field,5,2,1500m; 200m,81,97,,historical record source not captured,"Historical USATF Mid-America record source is represented by the meet name, but the underlying file/URL is not captured in the repo."
1996 Rocky Mountain Masters Games,1/1/96,RMMG,Rocky Mountain Masters Games,1,1,1500m,98,98,,historical source not captured,Rocky Mountain Masters Games historical result source is not captured as a public URL/file in the repo.
Colorado Senior Games,1/1/96,CSG,Colorado Senior Games,4,3,200m; 400m; 800m,99,105,https://coloradoseniorgames.org/sport/track-and-field/,source page,Colorado Senior Games track and field page. Older annual result files are not separately captured in this repo.
"USATF Mid American Record set at event in Colorado Springs, CO",1/1/96,USATF,USA Track & Field,4,2,100m; 200m,101,106,,historical record source not captured,"Historical USATF Mid-America record source is represented by the meet name, but the underlying file/URL is not captured in the repo."
1997 Rocky Mountain Masters Games,1/1/97,RMMG,Rocky Mountain Masters Games,1,1,1500m,107,107,,historical source not captured,Rocky Mountain Masters Games historical result source is not captured as a public URL/file in the repo.
Colorado Senior Games,1/1/97,CSG,Colorado Senior Games,3,3,100m; 1500m; 800m,108,110,https://coloradoseniorgames.org/sport/track-and-field/,source page,Colorado Senior Games track and field page. Older annual result files are not separately captured in this repo.
Colorado Senior Games,1/1/98,CSG,Colorado Senior Games,5,3,100m; 200m; 800m,111,115,https://coloradoseniorgames.org/sport/track-and-field/,source page,Colorado Senior Games track and field page. Older annual result files are not separately captured in this repo.
1999 Rocky Mountain Masters Games,1/1/99,RMMG,Rocky Mountain Masters Games,3,3,100m; 200m; 800m,116,120,,historical source not captured,Rocky Mountain Masters Games historical result source is not captured as a public URL/file in the repo.
Colorado Senior Games,1/1/99,CSG,Colorado Senior Games,2,2,100m; 800m,117,118,https://coloradoseniorgames.org/sport/track-and-field/,source page,Colorado Senior Games track and field page. Older annual result files are not separately captured in this repo.
2000 Rocky Mountain Masters Games,1/1/00,RMMG,Rocky Mountain Masters Games,1,1,800m,122,122,,historical source not captured,Rocky Mountain Masters Games historical result source is not captured as a public URL/file in the repo.
Colorado Senior Games,1/1/00,CSG,Colorado Senior Games,1,1,100m,121,121,https://coloradoseniorgames.org/sport/track-and-field/,source page,Colorado Senior Games track and field page. Older annual result files are not separately captured in this repo.
2001 Rocky Mountain Masters Games,1/1/01,RMMG,Rocky Mountain Masters Games,2,2,100m; 200m,123,124,,historical source not captured,Rocky Mountain Masters Games historical result source is not captured as a public URL/file in the repo.
2002 Rocky Mountain Masters Games,1/1/02,RMMG,Rocky Mountain Masters Games,2,2,1500m; 400m,127,128,,historical source not captured,Rocky Mountain Masters Games historical result source is not captured as a public URL/file in the repo.
Colorado Senior Games,1/1/02,CSG,Colorado Senior Games,2,2,1500m; 800m,125,126,https://coloradoseniorgames.org/sport/track-and-field/,source page,Colorado Senior Games track and field page. Older annual result files are not separately captured in this repo.
2003 Rocky Mountain Masters Games,1/1/03,RMMG,Rocky Mountain Masters Games,4,3,1500m; 200m; 400m,129,133,,historical source not captured,Rocky Mountain Masters Games historical result source is not captured as a public URL/file in the repo.
Colorado Senior Games,1/1/03,CSG,Colorado Senior Games,1,1,100m,132,132,https://coloradoseniorgames.org/sport/track-and-field/,source page,Colorado Senior Games track and field page. Older annual result files are not separately captured in this repo.
2004 Rocky Mountain Masters Games,1/1/04,RMMG,Rocky Mountain Masters Games,5,3,100m; 200m; 400m,134,139,,historical source not captured,Rocky Mountain Masters Games historical result source is not captured as a public URL/file in the repo.
Colorado Senior Games,1/1/04,CSG,Colorado Senior Games,1,1,800m,138,138,https://coloradoseniorgames.org/sport/track-and-field/,source page,Colorado Senior Games track and field page. Older annual result files are not separately captured in this repo.
"Boulder Road Runners All Comers Track Meet - June 3, 2004",6/3/04,BRR,Boulder Road Runners,21,6,100m; 1500m; 200m; 3000m; 400m; 800m,140,160,https://boulderroadrunners.org/race-results/track-meets/,results hub,BRR track meet results index; date-specific result pages are linked from this page.
"Boulder Road Runners All Comers Track Meet - June 17, 2004",6/17/04,BRR,Boulder Road Runners,28,6,1 mile; 100m; 200m; 400m; 5000m; 800m,161,188,https://boulderroadrunners.org/race-results/track-meets/,results hub,BRR track meet results index; date-specific result pages are linked from this page.
"Boulder Road Runners All Comers Track Meet - July 1, 2004",7/1/04,BRR,Boulder Road Runners,37,6,100m; 1500m; 200m; 3000m; 400m; 800m,189,225,https://boulderroadrunners.org/race-results/track-meets/,results hub,BRR track meet results index; date-specific result pages are linked from this page.
"Boulder Road Runners All Comers Track Meet - July 15, 2004",7/15/04,BRR,Boulder Road Runners,32,6,1 mile; 100m; 200m; 400m; 5000m; 800m,226,257,https://boulderroadrunners.org/race-results/track-meets/,results hub,BRR track meet results index; date-specific result pages are linked from this page.
"Boulder Road Runners All Comers Track Meet - August 5, 2004",8/5/04,BRR,Boulder Road Runners,25,5,100m; 1500m; 200m; 400m; 800m,258,282,https://boulderroadrunners.org/race-results/track-meets/,results hub,BRR track meet results index; date-specific result pages are linked from this page.
"Boulder Road Runners All Comers Track Meet - August 19, 2004",8/19/04,BRR,Boulder Road Runners,32,6,1 mile; 100m; 200m; 400m; 5000m; 800m,283,314,https://boulderroadrunners.org/race-results/track-meets/,results hub,BRR track meet results index; date-specific result pages are linked from this page.
2005 Rocky Mountain Masters Games,1/1/05,RMMG,Rocky Mountain Masters Games,2,2,100m; 200m,316,318,,historical source not captured,Rocky Mountain Masters Games historical result source is not captured as a public URL/file in the repo.
Colorado Senior Games,1/1/05,CSG,Colorado Senior Games,6,5,100m; 1500m; 200m; 400m; 800m,315,322,https://coloradoseniorgames.org/sport/track-and-field/,source page,Colorado Senior Games track and field page. Older annual result files are not separately captured in this repo.
"Boulder Road Runners All Comers Track Meet - June 2, 2005",6/2/05,BRR,Boulder Road Runners,31,6,100m; 1500m; 200m; 3000m; 400m; 800m,323,353,https://boulderroadrunners.org/race-results/track-meets/,results hub,BRR track meet results index; date-specific result pages are linked from this page.
"Boulder Road Runners All Comers Track Meet - June 16, 2004",6/16/05,BRR,Boulder Road Runners,60,6,1 mile; 100m; 200m; 400m; 5000m; 800m,354,413,https://boulderroadrunners.org/race-results/track-meets/,results hub,BRR track meet results index; date-specific result pages are linked from this page.
"Boulder Road Runners All Comers Track Meet - July 7, 2005",7/7/05,BRR,Boulder Road Runners,60,6,100m; 1500m; 200m; 3000m; 400m; 800m,414,473,https://boulderroadrunners.org/race-results/track-meets/,results hub,BRR track meet results index; date-specific result pages are linked from this page.
"Boulder Road Runners All Comers Track Meet - July 21, 2005",7/21/05,BRR,Boulder Road Runners,43,7,1 mile; 100m; 200m; 3000m steeplechase; 400m; 5000m; 800m,474,516,https://boulderroadrunners.org/race-results/track-meets/,results hub,BRR track meet results index; date-specific result pages are linked from this page.
"Boulder Road Runners All Comers Track Meet - August 4, 2005",8/4/05,BRR,Boulder Road Runners,32,4,100m; 1500m; 400m; 800m,517,548,https://boulderroadrunners.org/race-results/track-meets/,results hub,BRR track meet results index; date-specific result pages are linked from this page.
"USATF Mid American Record set at event in Ft. Collins, Colorado",1/1/06,USATF,USA Track & Field,4,4,100m; 1500m; 200m; 3000m,549,552,,historical record source not captured,"Historical USATF Mid-America record source is represented by the meet name, but the underlying file/URL is not captured in the repo."
"Boulder Road Runners All Comers Track Meet - June 2, 2005",6/1/06,BRR,Boulder Road Runners,22,6,100m; 1500m; 200m; 3000m; 400m; 800m,553,574,https://boulderroadrunners.org/race-results/track-meets/,results hub,BRR track meet results index; date-specific result pages are linked from this page.
"Boulder Road Runners All Comers Track Meet - June 16, 2004",6/15/06,BRR,Boulder Road Runners,37,8,1 mile; 100m; 200m; 3000m; 3000m steeplechase; 400m; 5000m; 800m,575,611,https://boulderroadrunners.org/race-results/track-meets/,results hub,BRR track meet results index; date-specific result pages are linked from this page.
"Boulder Road Runners All Comers Track Meet - July 6, 2006",7/6/06,BRR,Boulder Road Runners,51,6,100m; 1500m; 200m; 3000m; 400m; 800m,612,662,https://boulderroadrunners.org/race-results/track-meets/,results hub,BRR track meet results index; date-specific result pages are linked from this page.
"Boulder Road Runners All Comers Track Meet - July 20, 2006",7/20/06,BRR,Boulder Road Runners,38,6,1 mile; 100m; 200m; 400m; 5000m; 800m,663,700,https://boulderroadrunners.org/race-results/track-meets/,results hub,BRR track meet results index; date-specific result pages are linked from this page.
"Boulder Road Runners All Comers Track Meet - August 3, 2006",8/3/06,BRR,Boulder Road Runners,23,5,100m; 1500m; 200m; 400m; 800m,701,723,https://boulderroadrunners.org/race-results/track-meets/,results hub,BRR track meet results index; date-specific result pages are linked from this page.
"Boulder Road Runners All Comers Track Meet - August 19, 2006",8/19/06,BRR,Boulder Road Runners,29,6,1 mile; 100m; 200m; 400m; 5000m; 800m,724,752,https://boulderroadrunners.org/race-results/track-meets/,results hub,BRR track meet results index; date-specific result pages are linked from this page.
2007 Rocky Mountain Masters Games,1/1/07,RMMG,Rocky Mountain Masters Games,1,1,400m,756,756,,historical source not captured,Rocky Mountain Masters Games historical result source is not captured as a public URL/file in the repo.
"USATF Mid American Record set at event in Ft. Collins, CO",1/1/07,USATF,USA Track & Field,1,1,800m,754,754,,historical record source not captured,"Historical USATF Mid-America record source is represented by the meet name, but the underlying file/URL is not captured in the repo."
"USATF Mid American Record set at event in Ft. Collins, Colorado",1/1/07,USATF,USA Track & Field,4,2,1500m; 3000m,753,758,,historical record source not captured,"Historical USATF Mid-America record source is represented by the meet name, but the underlying file/URL is not captured in the repo."
"Boulder Road Runners All Comers Track Meet - June 2, 2005",5/23/07,BRR,Boulder Road Runners,17,1,1500m,759,775,https://boulderroadrunners.org/race-results/track-meets/,results hub,BRR track meet results index; date-specific result pages are linked from this page.
"Boulder Road Runners All Comers Track Meet - June 7, 2005",6/7/07,BRR,Boulder Road Runners,43,6,100m; 1500m; 200m; 3000m; 400m; 800m,776,818,https://boulderroadrunners.org/race-results/track-meets/,results hub,BRR track meet results index; date-specific result pages are linked from this page.
"Boulder Road Runners All Comers Track Meet - June 16, 2004",6/21/07,BRR,Boulder Road Runners,55,7,1 mile; 100m; 200m; 3000m steeplechase; 400m; 5000m; 800m,819,873,https://boulderroadrunners.org/race-results/track-meets/,results hub,BRR track meet results index; date-specific result pages are linked from this page.
"Boulder Road Runners All Comers Track Meet - July 5, 2007",7/5/07,BRR,Boulder Road Runners,71,6,100m; 1500m; 200m; 3000m; 400m; 800m,874,944,https://boulderroadrunners.org/race-results/track-meets/,results hub,BRR track meet results index; date-specific result pages are linked from this page.
"Boulder Road Runners All Comers Track Meet - July 19, 2007",7/19/07,BRR,Boulder Road Runners,63,7,1 mile; 100m; 200m; 3000m steeplechase; 400m; 5000m; 800m,945,1007,https://boulderroadrunners.org/race-results/track-meets/,results hub,BRR track meet results index; date-specific result pages are linked from this page.
"Boulder Road Runners All Comers Track Meet - August2, 2007",8/2/07,BRR,Boulder Road Runners,37,5,100m; 1500m; 200m; 400m; 800m,1008,1044,https://boulderroadrunners.org/race-results/track-meets/,results hub,BRR track meet results index; date-specific result pages are linked from this page.
"Boulder Road Runners All Comers Track Meet - August 18, 2007",8/18/07,BRR,Boulder Road Runners,32,6,1 mile; 200m; 3000m steeplechase; 400m; 5000m; 800m,1045,1076,https://boulderroadrunners.org/race-results/track-meets/,results hub,BRR track meet results index; date-specific result pages are linked from this page.
2008 Rocky Mountain Masters Games,1/1/08,RMMG,Rocky Mountain Masters Games,8,3,1500m; 400m; 800m,1077,1091,,historical source not captured,Rocky Mountain Masters Games historical result source is not captured as a public URL/file in the repo.
Colorado Senior Games,1/1/08,CSG,Colorado Senior Games,7,4,100m; 1500m; 200m; 400m,1078,1090,https://coloradoseniorgames.org/sport/track-and-field/,source page,Colorado Senior Games track and field page. Older annual result files are not separately captured in this repo.
"Boulder Road Runners All Comers Track Meet - June 5, 2008",6/5/08,BRR,Boulder Road Runners,34,6,100m; 1500m; 200m; 3000m; 400m; 800m,1092,1125,https://boulderroadrunners.org/race-results/track-meets/,results hub,BRR track meet results index; date-specific result pages are linked from this page.
"Boulder Road Runners All Comers Track Meet - June 18, 2008",6/18/08,BRR,Boulder Road Runners,58,7,1 mile; 100m; 200m; 3000m steeplechase; 400m; 5000m; 800m,1126,1183,https://boulderroadrunners.org/race-results/track-meets/,results hub,BRR track meet results index; date-specific result pages are linked from this page.
"Boulder Road Runners All Comers Track Meet - July 3, 2008",7/3/08,BRR,Boulder Road Runners,33,5,1500m; 200m; 3000m; 400m; 800m,1184,1216,https://boulderroadrunners.org/race-results/track-meets/,results hub,BRR track meet results index; date-specific result pages are linked from this page.
"Boulder Road Runners All Comers Track Meet - July 17, 2008",7/17/08,BRR,Boulder Road Runners,69,7,1 mile; 100m; 200m; 3000m steeplechase; 400m; 5000m; 800m,1217,1285,https://boulderroadrunners.org/race-results/track-meets/,results hub,BRR track meet results index; date-specific result pages are linked from this page.
"Boulder Road Runners All Comers Track Meet - August 7, 2008",8/7/08,BRR,Boulder Road Runners,39,5,100m; 1500m; 200m; 400m; 800m,1286,1324,https://boulderroadrunners.org/race-results/track-meets/,results hub,BRR track meet results index; date-specific result pages are linked from this page.
"Boulder Road Runners All Comers Track Meet - August 21, 2008",8/21/08,BRR,Boulder Road Runners,34,7,1 mile; 100m; 200m; 3000m steeplechase; 400m; 5000m; 800m,1325,1358,https://boulderroadrunners.org/race-results/track-meets/,results hub,BRR track meet results index; date-specific result pages are linked from this page.
2009 Rocky Mountain Masters Games,1/1/09,RMMG,Rocky Mountain Masters Games,2,2,200m; 400m,1365,1367,,historical source not captured,Rocky Mountain Masters Games historical result source is not captured as a public URL/file in the repo.
Colorado Senior Games,1/1/09,CSG,Colorado Senior Games,7,4,100m; 1500m; 200m; 400m,1359,1366,https://coloradoseniorgames.org/sport/track-and-field/,source page,Colorado Senior Games track and field page. Older annual result files are not separately captured in this repo.
"Boulder Road Runners All Comers Track Meet - June 4, 2009",6/4/09,BRR,Boulder Road Runners,62,6,100m; 1500m; 200m; 3000m; 400m; 800m,1368,1429,https://boulderroadrunners.org/race-results/track-meets/,results hub,BRR track meet results index; date-specific result pages are linked from this page.
"Boulder Road Runners All Comers Track Meet - June 18, 2009",6/18/09,BRR,Boulder Road Runners,81,7,1 mile; 100m; 200m; 3000m steeplechase; 400m; 5000m; 800m,1430,1510,https://boulderroadrunners.org/race-results/track-meets/,results hub,BRR track meet results index; date-specific result pages are linked from this page.
"Boulder Road Runners All Comers Track Meet - July 2, 2009",7/2/09,BRR,Boulder Road Runners,57,6,100m; 1500m; 200m; 3000m; 400m; 800m,1511,1567,https://boulderroadrunners.org/race-results/track-meets/,results hub,BRR track meet results index; date-specific result pages are linked from this page.
"Boulder Road Runners All Comers Track Meet - July 16, 2009",7/16/09,BRR,Boulder Road Runners,70,7,1 mile; 100m; 200m; 3000m steeplechase; 400m; 5000m; 800m,1568,1637,https://boulderroadrunners.org/race-results/track-meets/,results hub,BRR track meet results index; date-specific result pages are linked from this page.
"Boulder Road Runners All Comers Track Meet - August 6, 2009",8/6/09,BRR,Boulder Road Runners,48,5,100m; 1500m; 200m; 400m; 800m,1638,1685,https://boulderroadrunners.org/race-results/track-meets/,results hub,BRR track meet results index; date-specific result pages are linked from this page.
"Boulder Road Runners All Comers Track Meet - August 20, 2009",8/20/09,BRR,Boulder Road Runners,58,7,1 mile; 100m; 200m; 3000m steeplechase; 400m; 5000m; 800m,1686,1743,https://boulderroadrunners.org/race-results/track-meets/,results hub,BRR track meet results index; date-specific result pages are linked from this page.
2010 Rocky Mountain Masters Games,1/1/10,RMMG,Rocky Mountain Masters Games,6,4,100m; 1500m; 200m; 400m,1744,1752,,historical source not captured,Rocky Mountain Masters Games historical result source is not captured as a public URL/file in the repo.
Colorado Senior Games,1/1/10,CSG,Colorado Senior Games,8,4,100m; 1500m; 200m; 800m,1747,1757,https://coloradoseniorgames.org/sport/track-and-field/,source page,Colorado Senior Games track and field page. Older annual result files are not separately captured in this repo.
"Boulder Road Runners All Comers Track Meet - June 3, 2010",6/3/10,BRR,Boulder Road Runners,39,6,100m; 1500m; 200m; 3000m; 400m; 800m,1758,1796,https://boulderroadrunners.org/race-results/track-meets/,results hub,BRR track meet results index; date-specific result pages are linked from this page.
"Boulder Road Runners All Comers Track Meet - June 17, 2010",6/17/10,BRR,Boulder Road Runners,49,6,1 mile; 100m; 200m; 400m; 5000m; 800m,1797,1845,https://boulderroadrunners.org/race-results/track-meets/,results hub,BRR track meet results index; date-specific result pages are linked from this page.
"Boulder Road Runners All Comers Track Meet - July 1, 2010",7/1/10,BRR,Boulder Road Runners,48,6,100m; 1500m; 200m; 3000m; 400m; 800m,1846,1893,https://boulderroadrunners.org/race-results/track-meets/,results hub,BRR track meet results index; date-specific result pages are linked from this page.
"Boulder Road Runners All Comers Track Meet - July 15, 2010",7/15/10,BRR,Boulder Road Runners,59,6,1 mile; 100m; 200m; 400m; 5000m; 800m,1894,1952,https://boulderroadrunners.org/race-results/track-meets/,results hub,BRR track meet results index; date-specific result pages are linked from this page.
"Boulder Road Runners All Comers Track Meet - August 5, 2010",8/5/10,BRR,Boulder Road Runners,48,5,100m; 1500m; 200m; 400m; 800m,1953,2000,https://boulderroadrunners.org/race-results/track-meets/,results hub,BRR track meet results index; date-specific result pages are linked from this page.
"Boulder Road Runners All Comers Track Meet - August 19, 2010",8/19/10,BRR,Boulder Road Runners,28,7,1 mile; 100m; 200m; 3000m steeplechase; 400m; 5000m; 800m,2001,2028,https://boulderroadrunners.org/race-results/track-meets/,results hub,BRR track meet results index; date-specific result pages are linked from this page.
2011 Rocky Mountain Masters Games,1/1/11,RMMG,Rocky Mountain Masters Games,1,1,800m,2031,2031,,historical source not captured,Rocky Mountain Masters Games historical result source is not captured as a public URL/file in the repo.
Colorado Senior Games,1/1/11,CSG,Colorado Senior Games,6,3,1500m; 400m; 800m,2030,2036,https://coloradoseniorgames.org/sport/track-and-field/,source page,Colorado Senior Games track and field page. Older annual result files are not separately captured in this repo.
"USATF Mid American Record set at event in Ft. Collins, CO",1/1/11,USATF,USA Track & Field,1,1,800m,2029,2029,,historical record source not captured,"Historical USATF Mid-America record source is represented by the meet name, but the underlying file/URL is not captured in the repo."
"USATF Mid American Record set at event in Ft. Collins, Colorado",1/1/11,USATF,USA Track & Field,1,1,3000m,2037,2037,,historical record source not captured,"Historical USATF Mid-America record source is represented by the meet name, but the underlying file/URL is not captured in the repo."
"Boulder Road Runners All Comers Track Meet - June 2, 2011",6/2/11,BRR,Boulder Road Runners,44,6,100m; 1500m; 200m; 3000m; 400m; 800m,2038,2081,https://boulderroadrunners.org/race-results/track-meets/,results hub,BRR track meet results index; date-specific result pages are linked from this page.
"Boulder Road Runners All Comers Track Meet - June 16, 2011",6/16/11,BRR,Boulder Road Runners,44,6,1 mile; 100m; 200m; 400m; 5000m; 800m,2082,2125,https://boulderroadrunners.org/race-results/track-meets/,results hub,BRR track meet results index; date-specific result pages are linked from this page.
"Boulder Road Runners All Comers Track Meet - July 21, 2011",7/21/11,BRR,Boulder Road Runners,33,5,1 mile; 100m; 200m; 400m; 800m,2126,2158,https://boulderroadrunners.org/race-results/track-meets/,results hub,BRR track meet results index; date-specific result pages are linked from this page.
"Boulder Road Runners All Comers Track Meet - August 4, 2011",8/4/11,BRR,Boulder Road Runners,29,5,100m; 1500m; 200m; 400m; 800m,2159,2187,https://boulderroadrunners.org/race-results/track-meets/,results hub,BRR track meet results index; date-specific result pages are linked from this page.
"Boulder Road Runners All Comers Track Meet - August 18, 2011",8/18/11,BRR,Boulder Road Runners,26,6,1 mile; 100m; 200m; 400m; 5000m; 800m,2188,2213,https://boulderroadrunners.org/race-results/track-meets/,results hub,BRR track meet results index; date-specific result pages are linked from this page.
2012 Rocky Mountain Masters Games,1/1/12,RMMG,Rocky Mountain Masters Games,2,2,1 mile; 100m,2214,2220,,historical source not captured,Rocky Mountain Masters Games historical result source is not captured as a public URL/file in the repo.
Colorado Senior Games,1/1/12,CSG,Colorado Senior Games,2,2,200m; 800m,2218,2219,https://coloradoseniorgames.org/sport/track-and-field/,source page,Colorado Senior Games track and field page. Older annual result files are not separately captured in this repo.
"USATF Mid American Record set at event in Ft. Collins, CO",1/1/12,USATF,USA Track & Field,2,1,800m,2215,2217,,historical record source not captured,"Historical USATF Mid-America record source is represented by the meet name, but the underlying file/URL is not captured in the repo."
"USATF Mid American Record set at event in Ft. Collins, Colorado",1/1/12,USATF,USA Track & Field,2,1,100m,2216,2221,,historical record source not captured,"Historical USATF Mid-America record source is represented by the meet name, but the underlying file/URL is not captured in the repo."
"Boulder Road Runners All Comers Track Meet - June 7, 2012",6/7/12,BRR,Boulder Road Runners,28,5,1500m; 200m; 3000m; 400m; 800m,2222,2249,https://boulderroadrunners.org/race-results/track-meets/,results hub,BRR track meet results index; date-specific result pages are linked from this page.
"Boulder Road Runners All Comers Track Meet - June 21, 2012",6/21/12,BRR,Boulder Road Runners,41,7,1 mile; 100m; 200m; 3000m steeplechase; 400m; 5000m; 800m,2250,2290,https://boulderroadrunners.org/race-results/track-meets/,results hub,BRR track meet results index; date-specific result pages are linked from this page.
"Boulder Road Runners All Comers Track Meet - July 5, 2012",7/5/12,BRR,Boulder Road Runners,33,6,100m; 1500m; 200m; 3000m; 400m; 800m,2291,2323,https://boulderroadrunners.org/race-results/track-meets/,results hub,BRR track meet results index; date-specific result pages are linked from this page.
"Boulder Road Runners All Comers Track Meet - July 19, 2012",7/19/12,BRR,Boulder Road Runners,30,7,1 mile; 100m; 200m; 3000m steeplechase; 400m; 5000m; 800m,2324,2353,https://boulderroadrunners.org/race-results/track-meets/,results hub,BRR track meet results index; date-specific result pages are linked from this page.
"Boulder Road Runners All Comers Track Meet - August 2, 2012",8/2/12,BRR,Boulder Road Runners,28,5,100m; 1500m; 200m; 400m; 800m,2354,2381,https://boulderroadrunners.org/race-results/track-meets/,results hub,BRR track meet results index; date-specific result pages are linked from this page.
"Boulder Road Runners All Comers Track Meet - August 16, 2012",8/16/12,BRR,Boulder Road Runners,40,7,1 mile; 100m; 200m; 3000m steeplechase; 400m; 5000m; 800m,2382,2421,https://boulderroadrunners.org/race-results/track-meets/,results hub,BRR track meet results index; date-specific result pages are linked from this page.
2013 Rocky Mountain Masters Games,1/1/13,RMMG,Rocky Mountain Masters Games,6,5,1 mile; 100m; 1500m; 400m; 800m,2422,2442,,historical source not captured,Rocky Mountain Masters Games historical result source is not captured as a public URL/file in the repo.
Colorado Senior Games,1/1/13,CSG,Colorado Senior Games,10,4,100m; 1500m; 200m; 400m,2424,2440,https://coloradoseniorgames.org/sport/track-and-field/,source page,Colorado Senior Games track and field page. Older annual result files are not separately captured in this repo.
"USATF Mid American Record set at event in Ft. Collins, Colorado",1/1/13,USATF,USA Track & Field,5,4,1 mile; 100m; 1500m; 200m,2425,2433,,historical record source not captured,"Historical USATF Mid-America record source is represented by the meet name, but the underlying file/URL is not captured in the repo."
"Boulder Road Runners All Comers Track Meet - June 6, 2013",6/6/13,BRR,Boulder Road Runners,25,6,100m; 1500m; 200m; 3000m; 400m; 800m,2443,2467,https://boulderroadrunners.org/race-results/track-meets/,results hub,BRR track meet results index; date-specific result pages are linked from this page.
"Boulder Road Runners All Comers Track Meet - June 20, 2013",6/20/13,BRR,Boulder Road Runners,48,7,1 mile; 100m; 200m; 3000m; 400m; 5000m; 800m,2468,2515,https://boulderroadrunners.org/race-results/track-meets/,results hub,BRR track meet results index; date-specific result pages are linked from this page.
"Boulder Road Runners All Comers Track Meet - July 4, 2013",7/4/13,BRR,Boulder Road Runners,23,4,100m; 1500m; 200m; 400m,2516,2538,https://boulderroadrunners.org/race-results/track-meets/,results hub,BRR track meet results index; date-specific result pages are linked from this page.
"Boulder Road Runners All Comers Track Meet - July 18, 2013",7/18/13,BRR,Boulder Road Runners,49,7,1 mile; 100m; 200m; 3000m steeplechase; 400m; 5000m; 800m,2539,2587,https://boulderroadrunners.org/race-results/track-meets/,results hub,BRR track meet results index; date-specific result pages are linked from this page.
"Boulder Road Runners All Comers Track Meet - August 1, 2013",8/1/13,BRR,Boulder Road Runners,43,5,100m; 1500m; 200m; 400m; 800m,2588,2630,https://boulderroadrunners.org/race-results/track-meets/,results hub,BRR track meet results index; date-specific result pages are linked from this page.
"Boulder Road Runners All Comers Track Meet - August 15, 2013",8/15/13,BRR,Boulder Road Runners,38,5,1 mile; 100m; 200m; 5000m; 800m,2631,2668,https://boulderroadrunners.org/race-results/track-meets/,results hub,BRR track meet results index; date-specific result pages are linked from this page.
2014 Rocky Mountain Masters Games,1/1/14,RMMG,Rocky Mountain Masters Games,3,2,1 mile; 400m,2671,2674,,historical source not captured,Rocky Mountain Masters Games historical result source is not captured as a public URL/file in the repo.
"USATF Mid American Record set at event in Ft. Collins, CO",1/1/14,USATF,USA Track & Field,2,1,800m,2670,2673,,historical record source not captured,"Historical USATF Mid-America record source is represented by the meet name, but the underlying file/URL is not captured in the repo."
"USATF Mid American Record set at event in Ft. Collins, Colorado",1/1/14,USATF,USA Track & Field,1,1,3000m,2669,2669,,historical record source not captured,"Historical USATF Mid-America record source is represented by the meet name, but the underlying file/URL is not captured in the repo."
"Boulder Road Runners All Comers Track Meet - June 5, 2014",6/5/14,BRR,Boulder Road Runners,16,4,100m; 200m; 400m; 800m,2675,2690,https://boulderroadrunners.org/race-results/track-meets/,results hub,BRR track meet results index; date-specific result pages are linked from this page.
"Boulder Road Runners All Comers Track Meet - June 19, 2014",6/19/14,BRR,Boulder Road Runners,75,7,1 mile; 100m; 200m; 3000m steeplechase; 400m; 5000m; 800m,2691,2765,https://boulderroadrunners.org/race-results/track-meets/,results hub,BRR track meet results index; date-specific result pages are linked from this page.
"Boulder Road Runners All Comers Track Meet - July 3, 2014",7/3/14,BRR,Boulder Road Runners,43,6,100m; 1500m; 200m; 3000m; 400m; 800m,2766,2808,https://boulderroadrunners.org/race-results/track-meets/,results hub,BRR track meet results index; date-specific result pages are linked from this page.
"Boulder Road Runners All Comers Track Meet - July 17, 2014",7/17/14,BRR,Boulder Road Runners,56,7,1 mile; 100m; 200m; 3000m steeplechase; 400m; 5000m; 800m,2809,2864,https://boulderroadrunners.org/race-results/track-meets/,results hub,BRR track meet results index; date-specific result pages are linked from this page.
"Boulder Road Runners All Comers Track Meet - August 7, 2014",8/7/14,BRR,Boulder Road Runners,44,5,100m; 1500m; 200m; 400m; 800m,2865,2908,https://boulderroadrunners.org/race-results/track-meets/,results hub,BRR track meet results index; date-specific result pages are linked from this page.
"Boulder Road Runners All Comers Track Meet - August 21, 2014",8/21/14,BRR,Boulder Road Runners,32,5,1 mile; 100m; 200m; 400m; 800m,2909,2940,https://boulderroadrunners.org/race-results/track-meets/,results hub,BRR track meet results index; date-specific result pages are linked from this page.
2015 Rocky Mountain Masters Games,1/1/15,RMMG,Rocky Mountain Masters Games,5,3,1 mile; 400m; 800m,2941,2947,,historical source not captured,Rocky Mountain Masters Games historical result source is not captured as a public URL/file in the repo.
"USATF Mid American Record set at event in Ft. Collins, CO",1/1/15,USATF,USA Track & Field,1,1,800m,2942,2942,,historical record source not captured,"Historical USATF Mid-America record source is represented by the meet name, but the underlying file/URL is not captured in the repo."
"USATF Mid American Record set at event in Ft. Collins, Colorado",1/1/15,USATF,USA Track & Field,1,1,3000m,2945,2945,,historical record source not captured,"Historical USATF Mid-America record source is represented by the meet name, but the underlying file/URL is not captured in the repo."
2016 Rocky Mountain Masters Games,1/1/16,RMMG,Rocky Mountain Masters Games,7,5,1 mile; 100m; 200m; 400m; 800m,2950,2962,,historical source not captured,Rocky Mountain Masters Games historical result source is not captured as a public URL/file in the repo.
Colorado Senior Games,1/1/16,CSG,Colorado Senior Games,7,3,1500m; 400m; 800m,2948,2961,https://coloradoseniorgames.org/sport/track-and-field/,source page,Colorado Senior Games track and field page. Older annual result files are not separately captured in this repo.
"USATF Mid American Record set at event in Ft. Collins, Colorado",1/1/16,USATF,USA Track & Field,1,1,3000m,2954,2954,,historical record source not captured,"Historical USATF Mid-America record source is represented by the meet name, but the underlying file/URL is not captured in the repo."
2017 Rocky Mountain Masters Games,1/1/17,RMMG,Rocky Mountain Masters Games,5,5,100m; 1500m; 200m; 400m; 800m,2963,2968,,historical source not captured,Rocky Mountain Masters Games historical result source is not captured as a public URL/file in the repo.
"USATF Mid American Record set at event in Pueblo, Colorado",1/1/17,USATF,USA Track & Field,6,3,1 mile; 3000m; 800m,2967,2973,,historical record source not captured,"Historical USATF Mid-America record source is represented by the meet name, but the underlying file/URL is not captured in the repo."
St Vrain Invitational,5/12/17,MANUAL,Manual Entry,1,1,1 mile,2974,2974,manual entry,manual/local source,One-off manual entry; no public source URL is captured in the repo.
Boulder Road Runners All Comers Track Meet,6/1/17,BRR,Boulder Road Runners,36,6,100m; 1500m; 200m; 3000m; 400m; 800m,2975,3010,https://boulderroadrunners.org/race-results/track-meets/,results hub,BRR track meet results index; date-specific result pages are linked from this page.
Boulder Road Runners All Comers Track Meet,6/15/17,BRR,Boulder Road Runners,59,7,1 mile; 100m; 200m; 3000m steeplechase; 400m; 5000m; 800m,3011,3069,https://boulderroadrunners.org/race-results/track-meets/,results hub,BRR track meet results index; date-specific result pages are linked from this page.
2017 Mack Track,7/15/17,USATF,USA Track & Field,8,2,100m; 200m,3070,3077,https://colorado.usatf.org/events,events/results hub,USATF Colorado events hub; exact result URL is not captured in the repo for this meet.
Boulder Road Runners All Comers Track Meet,7/20/17,BRR,Boulder Road Runners,21,1,1 mile,3078,3098,https://boulderroadrunners.org/race-results/track-meets/,results hub,BRR track meet results index; date-specific result pages are linked from this page.
2018 Rocky Mountain Masters Games,1/1/18,RMMG,Rocky Mountain Masters Games,3,3,1 mile; 100m; 400m,3102,3104,,historical source not captured,Rocky Mountain Masters Games historical result source is not captured as a public URL/file in the repo.
"USATF Mid American Record set at event in Ft. Collins, Colorado",1/1/18,USATF,USA Track & Field,3,3,100m; 200m; 3000m,3099,3101,,historical record source not captured,"Historical USATF Mid-America record source is represented by the meet name, but the underlying file/URL is not captured in the repo."
2018 Mack Track,5/26/18,USATF,USA Track & Field,6,3,100m; 200m; 400m,3105,3110,https://colorado.usatf.org/events,events/results hub,USATF Colorado events hub; exact result URL is not captured in the repo for this meet.
2018 Nite Moves,6/3/18,USATF,USA Track & Field,3,2,100m; 200m,3111,3113,https://colorado.usatf.org/events,events/results hub,USATF Colorado events hub; exact result URL is not captured in the repo for this meet.
2018 Striders,6/30/18,CSSTC,Colorado Springs Striders Track Club,3,3,100m; 200m; 400m,3114,3116,https://www.csstriders.com/,source page,Colorado Springs Striders site; exact result URL is not captured in the repo.
2019 Rocky Mountain Masters Games,1/1/19,RMMG,Rocky Mountain Masters Games,2,1,1 mile,3118,3119,,historical source not captured,Rocky Mountain Masters Games historical result source is not captured as a public URL/file in the repo.
"USATF Mid American Record set at event in Ft. Collins, Colorado",1/1/19,USATF,USA Track & Field,1,1,1 mile,3117,3117,,historical record source not captured,"Historical USATF Mid-America record source is represented by the meet name, but the underlying file/URL is not captured in the repo."
St Vrain Invitational,5/11/19,MANUAL,Manual Entry,1,1,1 mile,3120,3120,manual entry,manual/local source,One-off manual entry; no public source URL is captured in the repo.
2019 Frank Shorter Track Classic,5/18/19,TB,TEAM Boulder,12,2,1 mile; 800m,5245,5256,https://femmertiming.com/2019/2019_Frank_Shorter_Track_Classic/index.html,inferred result listing page,Femmertiming/MeetPro URL inferred from the meet name and year; verify exact event page when auditing a result.
2019 Nite Moves All Comers,5/25/19,USATF,USA Track & Field,8,5,100m; 1500m; 200m; 400m; 800m,3121,3128,https://colorado.usatf.org/events,events/results hub,USATF Colorado events hub; exact result URL is not captured in the repo for this meet.
2019 Mack Track,6/3/19,USATF,USA Track & Field,9,4,100m; 200m; 400m; 800m,3129,3137,https://colorado.usatf.org/events,events/results hub,USATF Colorado events hub; exact result URL is not captured in the repo for this meet.
Boulder Road Runners All Comers Track & Field Meet,6/6/19,BRR,Boulder Road Runners,28,6,100m; 1500m; 200m; 3000m; 400m; 800m,3138,3165,https://boulderroadrunners.org/race-results/track-meets/,results hub,BRR track meet results index; date-specific result pages are linked from this page.
Boulder Road Runners All Comers Track & Field Meet,6/20/19,BRR,Boulder Road Runners,39,6,100m; 200m; 3000m; 400m; 5000m; 800m,3166,3220,https://boulderroadrunners.org/race-results/track-meets/,results hub,BRR track meet results index; date-specific result pages are linked from this page.
Boulder Road Runners All Comers Track Meet,6/20/19,BRR,Boulder Road Runners,16,1,1 mile,3168,3217,https://boulderroadrunners.org/race-results/track-meets/,results hub,BRR track meet results index; date-specific result pages are linked from this page.
Boulder Road Runners All Comers Track & Field Meet,7/18/19,BRR,Boulder Road Runners,39,7,1 mile; 100m; 200m; 3000m steeplechase; 400m; 5000m; 800m,3221,3259,https://boulderroadrunners.org/race-results/track-meets/,results hub,BRR track meet results index; date-specific result pages are linked from this page.
Boulder Road Runners All Comers Track & Field Meet,8/1/19,BRR,Boulder Road Runners,39,6,100m; 1500m; 200m; 400m; 5000m; 800m,3260,3298,https://boulderroadrunners.org/race-results/track-meets/,results hub,BRR track meet results index; date-specific result pages are linked from this page.
Team Boss Mile,6/27/20,MANUAL,Manual Entry,1,1,1 mile,3299,3299,manual entry,manual/local source,One-off manual entry; no public source URL is captured in the repo.
2020 Frank Shorter Elite Meet,8/15/20,TB,TEAM Boulder,4,2,1 mile; 5000m,5257,5260,https://femmertiming.com/2020/2020_Frank_Shorter_Elite_Meet/index.html,inferred result listing page,Femmertiming/MeetPro URL inferred from the meet name and year; verify exact event page when auditing a result.
2020 Boulder Track Series Meet 2,9/19/20,TB,TEAM Boulder,21,2,1500m; 5000m,5261,5281,https://femmertiming.com/2020/2020_Boulder_Track_Series_Meet_2/index.html,inferred result listing page,Femmertiming/MeetPro URL inferred from the meet name and year; verify exact event page when auditing a result.
Boulder Track Series Meet 1,9/19/20,TB,TEAM Boulder,23,2,1 mile; 3000m,5314,5336,https://femmertiming.com/2020/2020_Boulder_Track_Series_Meet_1/index.html,inferred result listing page,Femmertiming/MeetPro URL inferred from the meet name and year; verify exact event page when auditing a result.
"USATF Mid American Record set at event in Ft. Collins, CO",1/1/21,USATF,USA Track & Field,3,1,800m,3300,3318,,historical record source not captured,"Historical USATF Mid-America record source is represented by the meet name, but the underlying file/URL is not captured in the repo."
"USATF Mid American Record set at event in Ft. Collins, Colorado",1/1/21,USATF,USA Track & Field,16,5,1 mile; 100m; 200m; 3000m; 400m,3301,3317,,historical record source not captured,"Historical USATF Mid-America record source is represented by the meet name, but the underlying file/URL is not captured in the repo."
Boulder Track Series Meet 1,4/24/21,TB,TEAM Boulder,34,3,1500m; 3000m; 800m,5337,5370,https://femmertiming.com/2021/2021_Boulder_Track_Series_Meet_1/index.html,inferred result listing page,Femmertiming/MeetPro URL inferred from the meet name and year; verify exact event page when auditing a result.
2021 Boulder Track Series Meet 2,5/8/21,TB,TEAM Boulder,32,3,1500m; 5000m; 800m,5282,5313,https://femmertiming.com/2021/2021_Boulder_Track_Series_Meet_2/index.html,inferred result listing page,Femmertiming/MeetPro URL inferred from the meet name and year; verify exact event page when auditing a result.
USATF Colorado All-Comers Meet #2,6/6/21,USATF,USA Track & Field,6,4,100m; 1500m; 200m; 400m,3319,3324,https://colorado.usatf.org/events,events/results hub,USATF Colorado events hub; exact result URL is not captured in the repo for this meet.
Boulder Road Runners All Comers Track & Field Meet,6/10/21,BRR,Boulder Road Runners,30,6,100m; 1500m; 200m; 3000m; 400m; 800m,3325,3354,https://boulderroadrunners.org/race-results/track-meets/,results hub,BRR track meet results index; date-specific result pages are linked from this page.
USATF Colorado All-Comers Meet #3,6/13/21,USATF,USA Track & Field,10,4,100m; 200m; 400m; 800m,3355,3364,https://colorado.usatf.org/events,events/results hub,USATF Colorado events hub; exact result URL is not captured in the repo for this meet.
Boulder Road Runners All Comers Track & Field Meet,6/17/21,BRR,Boulder Road Runners,46,6,1 mile; 100m; 200m; 3000m steeplechase; 400m; 800m,3365,3410,https://boulderroadrunners.org/race-results/track-meets/,results hub,BRR track meet results index; date-specific result pages are linked from this page.
2021 Colorado Springs Striders,6/20/21,CSSTC,Colorado Springs Striders Track Club,5,2,100m; 200m,3411,3415,https://www.csstriders.com/,source page,Colorado Springs Striders site; exact result URL is not captured in the repo.
Boulder Road Runners All Comers Track & Field Meet,7/15/21,BRR,Boulder Road Runners,49,5,1 mile; 100m; 200m; 400m; 800m,3416,3464,https://boulderroadrunners.org/race-results/track-meets/,results hub,BRR track meet results index; date-specific result pages are linked from this page.
2021 Nite Moves,7/17/21,USATF,USA Track & Field,7,3,100m; 200m; 400m,3465,3471,https://colorado.usatf.org/events,events/results hub,USATF Colorado events hub; exact result URL is not captured in the repo for this meet.
2021 Mile High Mile,7/31/21,BRR,Boulder Road Runners,13,1,1 mile,5392,5404,https://boulderroadrunners.org/mile-high-mile/,results hub,BRR Mile High Mile page; year-specific results are linked from this page.
Boulder Road Runners All Comers Track & Field Meet,8/5/21,BRR,Boulder Road Runners,41,6,100m; 1500m; 200m; 400m; 5000m; 800m,3472,3512,https://boulderroadrunners.org/race-results/track-meets/,results hub,BRR track meet results index; date-specific result pages are linked from this page.
Boulder Road Runners All Comers Track & Field Meet,8/19/21,BRR,Boulder Road Runners,6,1,1 mile,3513,3518,https://boulderroadrunners.org/race-results/track-meets/,results hub,BRR track meet results index; date-specific result pages are linked from this page.
2022 Boulder Track Series Meet 1,4/23/22,TB,TEAM Boulder,20,3,1500m; 3000m; 800m,5371,5390,https://femmertiming.com/2022/2022_Boulder_Track_Series_Meet_1/index.html,inferred result listing page,Femmertiming/MeetPro URL inferred from the meet name and year; verify exact event page when auditing a result.
2022 Boulder Track Series Meet 2,7-May,TB,TEAM Boulder,14,2,5000m; 800m,5606,5619,https://femmertiming.com/2022/2022_Boulder_Track_Series_Meet_2/index.html,inferred result listing page,Femmertiming/MeetPro URL inferred from the meet name and year; verify exact event page when auditing a result.
2022 Frank Shorter Track Classic,21-May,TB,TEAM Boulder,8,3,1 mile; 1500m; 800m,5620,5627,https://femmertiming.com/2022/2022_Frank_Shorter_Track_Classic/index.html,inferred result listing page,Femmertiming/MeetPro URL inferred from the meet name and year; verify exact event page when auditing a result.
Boulder Road Runners All Comers Track & Field Meet,6/2/22,BRR,Boulder Road Runners,31,5,100m; 200m; 3000m; 400m; 800m,3519,3549,https://boulderroadrunners.org/race-results/track-meets/,results hub,BRR track meet results index; date-specific result pages are linked from this page.
USATF All Comers Number 1,6/4/22,USATF,USA Track & Field,10,5,100m; 1500m; 200m; 3000m; 400m,3550,3559,https://colorado.usatf.org/events,events/results hub,USATF Colorado events hub; exact result URL is not captured in the repo for this meet.
Colorado Springs Striders Invitational,6/11/22,CSSTC,Colorado Springs Striders Track Club,8,2,100m; 200m,3560,3567,https://www.csstriders.com/,source page,Colorado Springs Striders site; exact result URL is not captured in the repo.
Boulder Road Runners All Comers Track & Field Meet,6/16/22,BRR,Boulder Road Runners,43,5,1 mile; 100m; 200m; 400m; 800m,3568,3610,https://boulderroadrunners.org/race-results/track-meets/,results hub,BRR track meet results index; date-specific result pages are linked from this page.
NOCO All-Comers,6/23/22,FCTC,Fort Collins Running Club,7,3,100m; 200m; 800m,3611,3617,https://fortcollinsrunningclub.org/noco-all-comers-track-meet-series/,results hub,Fort Collins Running Club NoCo All-Comers source page.
USATF All Comers Number 2,6/25/22,USATF,USA Track & Field,5,3,100m; 1500m; 200m,3618,3622,https://colorado.usatf.org/events,events/results hub,USATF Colorado events hub; exact result URL is not captured in the repo for this meet.
Boulder Road Runners All Comers Track & Field Meet,7/7/22,BRR,Boulder Road Runners,15,5,100m; 200m; 3000m steeplechase; 400m; 800m,3638,3652,https://boulderroadrunners.org/race-results/track-meets/,results hub,BRR track meet results index; date-specific result pages are linked from this page.
NOCO All-Comers,7/14/22,FCTC,Fort Collins Running Club,23,6,100m; 1500m; 200m; 3000m; 400m; 800m,3653,3675,https://fortcollinsrunningclub.org/noco-all-comers-track-meet-series/,results hub,Fort Collins Running Club NoCo All-Comers source page.
2022 USATF Colorado Summer Classic,7/16/22,USATF,USA Track & Field,15,5,100m; 1500m; 200m; 400m; 800m,3623,3637,https://colorado.usatf.org/events,events/results hub,USATF Colorado events hub; exact result URL is not captured in the repo for this meet.
Boulder Road Runners All Comers Track & Field Meet,7/21/22,BRR,Boulder Road Runners,27,5,1 mile; 100m; 200m; 400m; 800m,3676,3702,https://boulderroadrunners.org/race-results/track-meets/,results hub,BRR track meet results index; date-specific result pages are linked from this page.
Boulder Road Runners All Comers Track & Field Meet,8/4/22,BRR,Boulder Road Runners,14,5,100m; 200m; 3000m steeplechase; 400m; 800m,3703,3716,https://boulderroadrunners.org/race-results/track-meets/,results hub,BRR track meet results index; date-specific result pages are linked from this page.
MHM Age Graded Results,8/13/22,BRR,Boulder Road Runners,31,1,1 mile,3717,3747,https://boulderroadrunners.org/mile-high-mile/,results hub,BRR Mile High Mile page; year-specific results are linked from this page.
2022 Mid-America Region Masters Outdoor Championships,8/17/22,USATF,USA Track & Field,56,5,100m; 200m; 3000m; 400m; 800m,3748,3803,https://usatfmasters.org/upcoming-masters-track-and-field-events/past-upcoming-masters-track-and-field-events/2022-usatf-mid-america-region-masters-outdoor-tf-championships/,event page,USATF Masters event page with results link.
Boulder Road Runners All Comers Track & Field Meet,8/18/22,BRR,Boulder Road Runners,18,1,1 mile,3804,3821,https://boulderroadrunners.org/race-results/track-meets/,results hub,BRR track meet results index; date-specific result pages are linked from this page.
Western Colorado Senior Games,1/1/23,WCSG,Western Colorado Senior Games,16,4,100m; 400m; 5000m; 800m,3822,3837,,source not captured,"Western Colorado Senior Games source code exists in the CSV, but no public result URL/file is captured in the repo."
Denver Athletics All Comers Number 1,3/25/23,DA,Denver Athletics,16,5,100m; 1500m; 200m; 3000m; 800m,3838,3853,https://denverathletics.org/results,results hub,Denver Athletics results page; many linked result pages are hosted on MileSplit.
2023 Boulder Track Series Meet 2,5/6/23,TB,TEAM Boulder,6,1,5000m,5523,5528,https://femmertiming.com/2023/2023_Boulder_Track_Series_Meet_2/index.html,inferred result listing page,Femmertiming/MeetPro URL inferred from the meet name and year; verify exact event page when auditing a result.
2023 Frank Shorter Track Classic,5/20/23,TB,TEAM Boulder,45,7,100m; 1500m; 2 mile; 200m; 400m; 5000m; 800m,5529,5573,https://femmertiming.com/2023/2023_Frank_Shorter_Track_Classic/index.html,inferred result listing page,Femmertiming/MeetPro URL inferred from the meet name and year; verify exact event page when auditing a result.
Denver Athletics May All Comers,5/27/23,DA,Denver Athletics,32,5,100m; 1600m; 200m; 400m; 800m,3854,3885,https://denverathletics.org/results,results hub,Denver Athletics results page; many linked result pages are hosted on MileSplit.
Boulder Road Runners All Comers Track & Field Meet,6/1/23,BRR,Boulder Road Runners,27,6,100m; 1500m; 200m; 3000m; 400m; 800m,3886,3912,https://boulderroadrunners.org/race-results/track-meets/,results hub,BRR track meet results index; date-specific result pages are linked from this page.
NOCO All-Comers,6/8/23,FCTC,Fort Collins Running Club,7,1,1 mile,3913,3919,https://fortcollinsrunningclub.org/noco-all-comers-track-meet-series/,results hub,Fort Collins Running Club NoCo All-Comers source page.
2023 Front Range Classic,6/10/23,DA,Denver Athletics,25,6,1 mile; 100m; 200m; 400m; 5000m; 800m,3920,3944,https://denverathletics.org/results,results hub,Denver Athletics results page; many linked result pages are hosted on MileSplit.
Boulder Road Runners All Comers Track & Field Meet,6/15/23,BRR,Boulder Road Runners,32,5,1 mile; 100m; 200m; 400m; 800m,3946,3977,https://boulderroadrunners.org/race-results/track-meets/,results hub,BRR track meet results index; date-specific result pages are linked from this page.
NOCO All-Comers,6/15/23,FCTC,Fort Collins Running Club,1,1,200m,3945,3945,https://fortcollinsrunningclub.org/noco-all-comers-track-meet-series/,results hub,Fort Collins Running Club NoCo All-Comers source page.
Colorado Springs Striders Invitational,6/17/23,CSSTC,Colorado Springs Striders Track Club,1,1,800m,3978,3978,https://www.csstriders.com/,source page,Colorado Springs Striders site; exact result URL is not captured in the repo.
NOCO All-Comers,6/18/23,FCTC,Fort Collins Running Club,1,1,800m,3979,3979,https://fortcollinsrunningclub.org/noco-all-comers-track-meet-series/,results hub,Fort Collins Running Club NoCo All-Comers source page.
NOCO All-Comers,6/19/23,FCTC,Fort Collins Running Club,1,1,800m,3980,3980,https://fortcollinsrunningclub.org/noco-all-comers-track-meet-series/,results hub,Fort Collins Running Club NoCo All-Comers source page.
NOCO All-Comers,6/20/23,FCTC,Fort Collins Running Club,1,1,400m,3981,3981,https://fortcollinsrunningclub.org/noco-all-comers-track-meet-series/,results hub,Fort Collins Running Club NoCo All-Comers source page.
NOCO All-Comers,6/21/23,FCTC,Fort Collins Running Club,1,1,3000m,3982,3982,https://fortcollinsrunningclub.org/noco-all-comers-track-meet-series/,results hub,Fort Collins Running Club NoCo All-Comers source page.
NOCO All-Comers,6/22/23,FCTC,Fort Collins Running Club,16,5,100m; 1500m; 200m; 400m; 5000m,3983,3998,https://fortcollinsrunningclub.org/noco-all-comers-track-meet-series/,results hub,Fort Collins Running Club NoCo All-Comers source page.
NOCO All Comers,6/29/23,FCTC,Fort Collins Running Club,18,5,1 mile; 100m; 200m; 400m; 800m,4005,4062,https://fortcollinsrunningclub.org/noco-all-comers-track-meet-series/,results hub,Fort Collins Running Club NoCo All-Comers source page.
Tracksmith Twilight 5000 - Race 1,6/29/23,DA,Denver Athletics,54,1,5000m,3999,4070,https://denverathletics.org/results,results hub,Denver Athletics results page; many linked result pages are hosted on MileSplit.
2023 Denver Twilight Series - The Premiere,6/30/23,DA,Denver Athletics,25,7,1 mile; 100m; 1500m; 200m; 3000m; 400m; 800m,4071,4095,https://denverathletics.org/results,results hub,Denver Athletics results page; many linked result pages are hosted on MileSplit.
2023 Rocky Mountain State Games,7/1/23,RMSG,Rocky Mountain State Games,66,6,100m; 1500m; 200m; 3000m; 400m; 800m,4096,4161,https://www.coloradospringssports.org/events/rockymountainstategames/,results hub,Rocky Mountain State Games official event hub; track-specific result files may be linked from the current/past results area.
Boulder Road Runners All Comers Track & Field Meet,7/6/23,BRR,Boulder Road Runners,40,6,100m; 1500m; 200m; 3000m; 400m; 800m,4162,4201,https://boulderroadrunners.org/race-results/track-meets/,results hub,BRR track meet results index; date-specific result pages are linked from this page.
Boulder Road Runners All Comers Track & Field Meet,7/20/23,BRR,Boulder Road Runners,34,5,1 mile; 100m; 200m; 400m; 800m,4202,4235,https://boulderroadrunners.org/race-results/track-meets/,results hub,BRR track meet results index; date-specific result pages are linked from this page.
NOCO All-Comers,7/27/23,FCTC,Fort Collins Running Club,4,1,100m,4236,4239,https://fortcollinsrunningclub.org/noco-all-comers-track-meet-series/,results hub,Fort Collins Running Club NoCo All-Comers source page.
2023 Mile High Mile,7/29/23,BRR,Boulder Road Runners,27,1,1 mile,4240,4266,https://boulderroadrunners.org/mile-high-mile/,results hub,BRR Mile High Mile page; year-specific results are linked from this page.
NOCO All Comers Meet #5,8/1/23,FCTC,Fort Collins Running Club,5,3,100m; 200m; 3000m,4267,4271,https://fortcollinsrunningclub.org/noco-all-comers-track-meet-series/,results hub,Fort Collins Running Club NoCo All-Comers source page.
2023 Denver Twilight Series - The Finale,8/4/23,DA,Denver Athletics,7,3,100m; 200m; 800m,4272,4278,https://denverathletics.org/results,results hub,Denver Athletics results page; many linked result pages are hosted on MileSplit.
Tracksmith Twilight 5000 - Race 2,8/10/23,DA,Denver Athletics,45,1,5000m,4279,4323,https://denverathletics.org/results,results hub,Denver Athletics results page; many linked result pages are hosted on MileSplit.
2023 Denver Twilight Series - The Finale,8/11/23,DA,Denver Athletics,1,1,800m,4324,4324,https://denverathletics.org/results,results hub,Denver Athletics results page; many linked result pages are hosted on MileSplit.
2023 Denver Twilight Series - The Finale,8/12/23,DA,Denver Athletics,1,1,800m,4325,4325,https://denverathletics.org/results,results hub,Denver Athletics results page; many linked result pages are hosted on MileSplit.
2023 Denver Twilight Series - The Finale,8/13/23,DA,Denver Athletics,1,1,1 mile,4326,4326,https://denverathletics.org/results,results hub,Denver Athletics results page; many linked result pages are hosted on MileSplit.
2023 Denver Twilight Series - The Finale,8/14/23,DA,Denver Athletics,1,1,1 mile,4327,4327,https://denverathletics.org/results,results hub,Denver Athletics results page; many linked result pages are hosted on MileSplit.
2023 Denver Twilight Series - The Finale,8/15/23,DA,Denver Athletics,1,1,1 mile,4328,4328,https://denverathletics.org/results,results hub,Denver Athletics results page; many linked result pages are hosted on MileSplit.
2023 Denver Twilight Series - The Finale,8/16/23,DA,Denver Athletics,1,1,1 mile,4329,4329,https://denverathletics.org/results,results hub,Denver Athletics results page; many linked result pages are hosted on MileSplit.
2023 Denver Twilight Series - The Finale,8/17/23,DA,Denver Athletics,1,1,1 mile,4330,4330,https://denverathletics.org/results,results hub,Denver Athletics results page; many linked result pages are hosted on MileSplit.
2023 Denver Twilight Series - The Finale,8/18/23,DA,Denver Athletics,1,1,1 mile,4331,4331,https://denverathletics.org/results,results hub,Denver Athletics results page; many linked result pages are hosted on MileSplit.
2023 Denver Twilight Series - The Finale,8/19/23,DA,Denver Athletics,1,1,1 mile,4332,4332,https://denverathletics.org/results,results hub,Denver Athletics results page; many linked result pages are hosted on MileSplit.
2023 Denver Twilight Series - The Finale,8/20/23,DA,Denver Athletics,1,1,1 mile,4333,4333,https://denverathletics.org/results,results hub,Denver Athletics results page; many linked result pages are hosted on MileSplit.
2023 Denver Twilight Series - The Finale,8/21/23,DA,Denver Athletics,1,1,1 mile,4334,4334,https://denverathletics.org/results,results hub,Denver Athletics results page; many linked result pages are hosted on MileSplit.
2023 Denver Twilight Series - The Finale,8/22/23,DA,Denver Athletics,1,1,1 mile,4335,4335,https://denverathletics.org/results,results hub,Denver Athletics results page; many linked result pages are hosted on MileSplit.
Western Colorado Senior Games,1/1/24,WCSG,Western Colorado Senior Games,22,5,100m; 200m; 400m; 5000m; 800m,4336,4357,,source not captured,"Western Colorado Senior Games source code exists in the CSV, but no public result URL/file is captured in the repo."
2024 Boulder Track Series Meet 1,4/14/24,TB,TEAM Boulder,32,5,100m; 1500m; 3000m; 400m; 800m,5574,5605,https://femmertiming.com/2024/2024_Boulder_Track_Series_Meet_1/index.html,inferred result listing page,Femmertiming/MeetPro URL inferred from the meet name and year; verify exact event page when auditing a result.
2024 Boulder Track Series Meet 1,14-Apr,TB,TEAM Boulder,8,2,3000m; 800m,5628,5635,https://femmertiming.com/2024/2024_Boulder_Track_Series_Meet_1/index.html,inferred result listing page,Femmertiming/MeetPro URL inferred from the meet name and year; verify exact event page when auditing a result.
2025 Boulder Track Series Meet 2,4/27/24,TB,TEAM Boulder,17,4,1 mile; 1500m; 5000m; 800m,5506,5522,https://femmertiming.com/2025/2025_Boulder_Track_Series_Meet_2/index.html,inferred result listing page,Femmertiming/MeetPro URL inferred from the meet name and year; verify exact event page when auditing a result.
2024 Boulder Track Series Meet 2,4/28/24,TB,TEAM Boulder,23,5,1 mile; 1500m; 400m; 5000m; 800m,5454,5476,https://femmertiming.com/2024/2024_Boulder_Track_Series_Meet_2/index.html,inferred result listing page,Femmertiming/MeetPro URL inferred from the meet name and year; verify exact event page when auditing a result.
Boulder Track Series ,4/28/24,MANUAL,Manual Entry,1,1,800m,5391,5391,manual entry,manual/local source,One-off manual entry; no public source URL is captured in the repo.
2024 Frank Shorter Track Classic,5/12/24,TB,TEAM Boulder,29,6,100m; 1500m; 200m; 3000m; 400m; 800m,5477,5505,https://femmertiming.com/2024/2024_Frank_Shorter_Track_Classic/index.html,inferred result listing page,Femmertiming/MeetPro URL inferred from the meet name and year; verify exact event page when auditing a result.
2024 Front Range Classic,5/25/24,DA,Denver Athletics,17,5,100m; 1600m; 200m; 400m; 800m,4358,4374,https://denverathletics.org/results,results hub,Denver Athletics results page; many linked result pages are hosted on MileSplit.
Boulder Road Runners All Comers Track & Field Meet,6/6/24,BRR,Boulder Road Runners,52,6,100m; 1500m; 200m; 3000m; 400m; 800m,4375,4426,https://boulderroadrunners.org/race-results/track-meets/,results hub,BRR track meet results index; date-specific result pages are linked from this page.
Denver Twilight Series - The Premier 2024,6/14/24,DA,Denver Athletics,20,3,100m; 1500m; 200m,4427,4446,https://denverathletics.org/results,results hub,Denver Athletics results page; many linked result pages are hosted on MileSplit.
Boulder Road Runners All Comers Track & Field Meet,6/20/24,BRR,Boulder Road Runners,52,6,1 mile; 100m; 200m; 400m; 5000m; 800m,4447,4498,https://boulderroadrunners.org/race-results/track-meets/,results hub,BRR track meet results index; date-specific result pages are linked from this page.
Denver Twilight Series - The Sequel,7/5/24,DA,Denver Athletics,30,5,100m; 1600m; 200m; 400m; 800m,4499,4528,https://denverathletics.org/results,results hub,Denver Athletics results page; many linked result pages are hosted on MileSplit.
Boulder Road Runners All Comers Track and Field Meet,7/18/24,BRR,Boulder Road Runners,57,6,100m; 1500m; 200m; 3000m steeplechase; 400m; 800m,4529,4585,https://boulderroadrunners.org/race-results/track-meets/,results hub,BRR track meet results index; date-specific result pages are linked from this page.
2024 Rocky Mountain State Games,7/20/24,RMSG,Rocky Mountain State Games,43,6,100m; 1500m; 200m; 3000m; 400m; 800m,4586,4628,https://www.coloradospringssports.org/events/rockymountainstategames/,results hub,Rocky Mountain State Games official event hub; track-specific result files may be linked from the current/past results area.
2024 Mile High Mile,8/1/24,BRR,Boulder Road Runners,1,1,1 mile,4651,4651,https://boulderroadrunners.org/mile-high-mile/,results hub,BRR Mile High Mile page; year-specific results are linked from this page.
Boulder Road Runners All Comers Track and Field Meet,8/1/24,BRR,Boulder Road Runners,22,4,100m; 200m; 400m; 800m,4630,4658,https://boulderroadrunners.org/race-results/track-meets/,results hub,BRR track meet results index; date-specific result pages are linked from this page.
Mile High Mile Masters,8/1/24,BRR,Boulder Road Runners,11,1,1 mile,4629,4662,https://boulderroadrunners.org/mile-high-mile/,results hub,BRR Mile High Mile page; year-specific results are linked from this page.
Denver Twilight Series - The Finale,8/9/24,DA,Denver Athletics,62,5,1 mile; 100m; 200m; 400m; 800m,4663,4724,https://denverathletics.org/results,results hub,Denver Athletics results page; many linked result pages are hosted on MileSplit.
Denver Distance Classic,4/11/25,DA,Denver Athletics,50,4,1600m; 400m; 5000m; 800m,4725,4774,https://denverathletics.org/results,results hub,Denver Athletics results page; many linked result pages are hosted on MileSplit.
2025 Frank Shorter Track Classic,5/11/25,TB,TEAM Boulder,46,6,1 mile; 1500m; 3000m; 400m; 5000m; 800m,5408,5453,https://femmertiming.com/2025/2025_Frank_Shorter_Track_Classic/index.html,inferred result listing page,Femmertiming/MeetPro URL inferred from the meet name and year; verify exact event page when auditing a result.
Colorado Elite Sprint Festival,5/22/25,DA,Denver Athletics,31,4,100m; 200m; 400m; 800m,4775,4805,https://denverathletics.org/results,results hub,Denver Athletics results page; many linked result pages are hosted on MileSplit.
Denver Twilight Series - The Premier,5/30/25,DA,Denver Athletics,28,5,100m; 1600m; 200m; 400m; 800m,4806,4833,https://denverathletics.org/results,results hub,Denver Athletics results page; many linked result pages are hosted on MileSplit.
Boulder Road Runners All Comers Track Meet,6/5/25,BRR,Boulder Road Runners,29,6,1 mile; 100m; 200m; 3000m; 400m; 800m,4834,4862,https://boulderroadrunners.org/race-results/track-meets/,results hub,BRR track meet results index; date-specific result pages are linked from this page.
2025 Colorado Senior Games,6/7/25,CSG,Colorado Senior Games,60,6,100m; 1500m; 200m; 400m; 5000m; 800m,4863,4922,https://www.femmertiming.com/2025/2025_Colorado_Senior_Games/index.html,result listing page,DirectAthletics/MeetPro result index for the 2025 Colorado Senior Games.
Denver Twilight Series - The sequel,6/13/25,DA,Denver Athletics,31,4,100m; 200m; 400m; 800m,4923,4953,https://denverathletics.org/results,results hub,Denver Athletics results page; many linked result pages are hosted on MileSplit.
Boulder Road Runners All Comers Track and Field Meet,6/18/25,BRR,Boulder Road Runners,38,6,100m; 1500m; 200m; 3000m steeplechase; 400m; 800m,4954,4991,https://boulderroadrunners.org/race-results/track-meets/,results hub,BRR track meet results index; date-specific result pages are linked from this page.
Boulder Road Runners All Comers Track and Field Meet,7/2/25,BRR,Boulder Road Runners,48,6,1 mile; 100m; 200m; 400m; 5000m; 800m,4992,5039,https://boulderroadrunners.org/race-results/track-meets/,results hub,BRR track meet results index; date-specific result pages are linked from this page.
Boulder Road Runners All Comers Track and Field Meet,7/17/25,BRR,Boulder Road Runners,50,6,100m; 1500m; 200m; 3000m; 400m; 800m,5040,5089,https://boulderroadrunners.org/race-results/track-meets/,results hub,BRR track meet results index; date-specific result pages are linked from this page.
2025 Mile High Mile,7/19/25,BRR,Boulder Road Runners,19,1,1 mile,5090,5151,https://boulderroadrunners.org/mile-high-mile/,results hub,BRR Mile High Mile page; year-specific results are linked from this page.
2025 Rocky Mountain State Games,7/19/25,RMSG,Rocky Mountain State Games,45,6,100m; 1500m; 200m; 3000m; 400m; 800m,5101,5153,https://www.coloradospringssports.org/events/rockymountainstategames/,results hub,Rocky Mountain State Games official event hub; track-specific result files may be linked from the current/past results area.
Denver Twilight Series - the finale,7/25/25,DA,Denver Athletics,32,5,100m; 1600m; 200m; 400m; 800m,5154,5185,https://denverathletics.org/results,results hub,Denver Athletics results page; many linked result pages are hosted on MileSplit.
Boulder Road Runners All Comers Track and Field Meet,7/31/25,BRR,Boulder Road Runners,59,5,1 mile; 100m; 200m; 400m; 800m,5186,5244,https://boulderroadrunners.org/race-results/track-meets/,results hub,BRR track meet results index; date-specific result pages are linked from this page.
2026 Boulder Track Series Meet 1,4/12/26,BRR,Boulder Road Runners,1,1,1500m,5636,5636,https://boulderroadrunners.org/race-results/track-meets/,results hub,BRR track meet results index; date-specific result pages are linked from this page.
2027 Boulder Track Series Meet 1,4/13/26,BRR,Boulder Road Runners,1,1,1500m,5637,5637,https://boulderroadrunners.org/race-results/track-meets/,results hub,BRR track meet results index; date-specific result pages are linked from this page.
